# 艺术家|专辑|发行年|风格（逗号分隔）|听赏笔记|商店地区
周杰倫|范特西|2001|华语,R&B,流行|从双截棍的节奏切分到安静的钢琴，这张唱片适合听华语流行如何把说唱、旋律与叙事放在一起。|tw
周杰倫|八度空間|2002|华语,R&B,流行|半兽人的鼓点与回到过去的抒情形成鲜明对照，听编曲里不断切换的画面感。|tw
周杰倫|葉惠美|2003|华语,流行,摇滚|以父亲之名开场，从戏剧化的编曲到晴天的吉他，呈现一张兼顾故事和旋律的唱片。|tw
周杰倫|七里香|2004|华语,流行,R&B|夏天的吉他、细密的节奏和中国风配器，让熟悉的旋律之外仍有许多编曲细节可听。|tw
周杰倫|十一月的蕭邦|2005|华语,流行,R&B|夜曲的低回与珊瑚海的对唱并置，适合从钢琴和人声的关系开始听。|tw
王菲|浮躁|1996|华语,艺术流行,梦幻流行|短句、哼唱与松散的旋律构成轻盈的空间，是适合放下歌词、专注声音的一张唱片。|tw
王菲|寓言|2000|华语,艺术流行,电子|前半张连续铺陈出带有电子质感的情绪，后半张回到清晰的流行旋律。|tw
王菲|將愛|2003|华语,流行,艺术流行|听冷静的人声如何穿过电子纹理，抒情歌也保留了开放、疏离的距离。|tw
陳奕迅|U87|2005|华语,粤语流行|浮夸的戏剧张力与夕阳无限好的温柔并存，留意人声的力度、停顿与情绪转换。|tw
陳奕迅|認了吧|2007|华语,流行|熟悉的抒情旋律中有细腻的语气变化，适合在安静的夜晚完整听一遍。|tw
陳奕迅|The Key|2013|华语,粤语流行|从日常的失落到人生的回望，简练的编曲把叙事和人声放在中心。|tw
孫燕姿|孫燕姿|2000|华语,流行|干净的嗓音与直接的旋律，在钢琴、吉他和节奏间保留了鲜明的青春感。|tw
孫燕姿|風箏|2001|华语,流行|轻快与孤独交替出现，听她如何用独特的咬字把常见的流行结构唱出性格。|tw
孫燕姿|Stefanie|2004|华语,流行|慢歌中的留白与快歌的节奏相互映照，适合从人声的颗粒感开始听。|tw
陶喆|陶喆|1997|华语,R&B,灵魂乐|节奏、和声与转音让华语抒情产生不同的律动，听贝斯和人声之间的呼应。|tw
陶喆|黑色柳丁|2002|华语,R&B,摇滚|吉他的粗粝和灵魂乐式的人声交织，整张唱片在焦虑和温柔之间移动。|tw
陶喆|太平盛世|2005|华语,R&B,流行|厚实的和声与鲜明的节奏为流行旋律增加层次，适合留意背景人声。|tw
張懸|My Life Will...|2006|华语,民谣,独立|以朴素的吉他和贴近耳边的人声展开，句子里的停顿与呼吸同样值得听。|tw
張懸|城市|2009|华语,独立摇滚,民谣|乐队编制让歌曲向外展开，声音里既有城市的拥挤，也有观察者的距离。|tw
張懸|神的遊戲|2012|华语,独立摇滚,艺术流行|长线条的歌曲与不断生长的编曲，适合完整播放，感受情绪逐层累积。|tw
陳綺貞|華麗的冒險|2005|华语,民谣,独立|在亲密的人声之外听弦乐与吉他的细节，歌曲中的移动与停留相互呼应。|tw
陳綺貞|太陽|2009|华语,民谣,独立|温柔的表面下有细密的节奏和坚定的语气，适合在白天慢慢听。|tw
蘇打綠|小宇宙|2006|华语,独立摇滚,流行|轻巧的旋律与明亮的乐队配器，把私密的心事变成可一起哼唱的歌。|tw
蘇打綠|無與倫比的美麗|2007|华语,独立,流行|弦乐、吉他和高音人声共同铺开，细小的心绪也有开阔的空间。|tw
蘇打綠|冬 未了|2015|华语,管弦流行,摇滚|管弦乐与乐队的碰撞让歌曲更具规模，适合听强弱起伏和器乐之间的衔接。|tw
五月天|時光機|2003|华语,摇滚,流行|青春叙事和乐队的直接表达交织，在熟悉的副歌之外听吉他与鼓的推进。|tw
五月天|神的孩子都在跳舞|2004|华语,摇滚,流行|清晰的旋律、密集的鼓点与合唱感，让私人情绪变成现场般的共同体验。|tw
五月天|後青春期的詩|2008|华语,摇滚,流行|告别、成长与坚持落在不同的歌曲里，整张听比单曲更能感受到时间的重量。|tw
萬能青年旅店|萬能青年旅店|2010|华语,独立摇滚,艺术摇滚|铜管、吉他和带有城市景象的歌词逐步展开，听细节如何积累成开阔的尾声。|cn
萬能青年旅店|冀西南林路行|2020|华语,前卫摇滚,独立|长篇幅的器乐段落与叙事连成一条路，适合留出完整的时间，不跳曲地听。|cn
草東沒有派對|醜奴兒|2016|华语,独立摇滚,后朋克|紧绷的节奏与疲惫的语气形成对照，安静和爆发之间的落差是听赏重点。|tw
草東沒有派對|瓦合|2023|华语,独立摇滚,后朋克|锐利的吉他与沉重的鼓点围绕人声展开，听熟悉的焦虑如何换成新的节奏。|tw
落日飛車|Cassa Nova|2018|华语,独立,灵魂乐|柔软的合成器、萨克斯和松弛的节奏，适合傍晚播放，留意贝斯的游走。|tw
落日飛車|Soft Storm|2020|华语,独立,梦幻流行|声音像被轻柔的雾包围，克制的人声与流动的配器让旋律缓慢浮现。|tw
deca joins|浴室|2017|华语,独立摇滚,迷幻|松散的吉他与低声叙述保持一种悬浮的距离，适合听失真和留白的边界。|tw
告五人|我肯定在幾百年前就說過愛你|2019|华语,独立,流行|双主唱的音色和吉他旋律相互呼应，在流行结构里保留乐队的温度。|tw
蔡健雅|Goodbye & Hello|2007|华语,民谣,流行|温暖的人声与清晰的吉他为告别提供不同语气，听旋律里克制的情绪变化。|tw
蔡健雅|若你碰到他|2009|华语,流行,民谣|从日常对话般的咬字到细致的和声，歌曲在平静的表达中保留复杂的感受。|tw
林俊傑|第二天堂|2004|华语,流行,R&B|电子节拍与抒情旋律并行，适合听人声如何在密集编曲里保持清晰。|tw
方大同|Soulboy|2005|华语,R&B,灵魂乐|从节奏吉他、贝斯和转音入手，听华语旋律如何自然地融入灵魂乐律动。|tw
方大同|愛愛愛|2006|华语,R&B,灵魂乐|和声与切分节奏让亲密的情歌更轻巧，背景人声也构成旋律的一部分。|tw
方大同|橙月|2008|华语,R&B,爵士|柔软的和声与明亮的律动贯穿唱片，适合听钢琴、吉他和人声的细致配合。|tw
伍佰 & China Blue|浪人情歌|1994|华语,摇滚,蓝调|带有现场质感的吉他和粗粝的人声直接碰撞，抒情段落也保留摇滚的重量。|tw
伍佰 & China Blue|樹枝孤鳥|1998|华语,摇滚,台语|语言的节奏与乐队的律动相互推动，听吉他如何回应歌声中的转折。|tw
羅大佑|之乎者也|1982|华语,民谣,摇滚|直接的文字与坚实的旋律结合，适合听叙事的语气和乐器逐步加入的方式。|tw
崔健|新長征路上的搖滾|1989|华语,摇滚|声音里的力度来自节奏、吉他与表达的共同推进，听慢段落与爆发段落的呼应。|tw
竇唯|黑夢|1994|华语,另类摇滚,后朋克|低沉的人声与冷峻的乐队音色构成独特空间，听贝斯线条和鼓的张力。|cn
朴樹|生如夏花|2003|华语,民谣,流行|明亮的配器与带有犹疑的歌声同时出现，旋律里既有向外奔跑也有停下回望。|cn
李志|梵高先生|2005|华语,民谣,独立|吉他和人声的简单组合把情绪放在近处，适合关注歌词的节奏与声音的粗粝。|cn
趙雷|無法長大|2016|华语,民谣|日常场景和朴素旋律缓慢展开，听吉他与其他配器如何托住故事。|cn
Hikaru Utada|First Love|1999|日系,R&B,流行|从带有节奏感的R&B到钢琴抒情，年轻的人声同时保留轻盈与沉静。|jp
Hikaru Utada|Distance|2001|日系,R&B,流行|细密的节拍与宽阔的旋律并置，听和声在不同段落之间的变化。|jp
Hikaru Utada|Deep River|2002|日系,流行,艺术流行|电子纹理与抒情线条逐渐融合，适合听主旋律之外不断生长的细节。|jp
Hikaru Utada|BAD MODE|2022|日系,电子,R&B|流动的电子节奏和成熟的人声相互交织，长段落让歌曲自然伸展。|jp
Sheena Ringo|Muzai Moratorium|1999|日系,另类摇滚|锐利的吉他、戏剧化的人声和精确的节奏，把歌曲的边缘感放大。|jp
Sheena Ringo|Shoso Strip|2000|日系,另类摇滚,艺术流行|浓密的乐队音色包围人声，听旋律如何穿过噪声与不断变换的情绪。|jp
Fishmans|LONG SEASON|1996|日系,梦幻流行,迷幻|把一首长曲当成一段旅程，重复的节奏、键盘和人声在时间里缓慢变形。|jp
Fishmans|Uchu Nippon Setagaya|1997|日系,梦幻流行,独立|柔软的节拍和飘浮的人声留出很大的空间，适合听回声与贝斯的互动。|jp
Nujabes|Modal Soul|2005|日系,嘻哈,爵士说唱|爵士采样、温暖的鼓点和说唱连成连续的情绪，留意钢琴与节拍的呼吸。|jp
Nujabes|Metaphorical Music|2003|日系,嘻哈,爵士|旋律性采样与松弛的节奏共存，适合工作间隙完整播放。|jp
Ryuichi Sakamoto|async|2017|日系,氛围,实验电子|声音、空间和环境录音共同成为材料，适合安静聆听微小的纹理变化。|jp
Ryuichi Sakamoto|12|2023|日系,氛围,钢琴|稀疏的钢琴和电子声音保留呼吸的距离，听音符之间的停顿。|jp
Haruomi Hosono|Hosono House|1973|日系,民谣,流行|温暖的乐队演奏和自然的人声带来居家般的亲密感，听节奏里的轻巧摆动。|jp
YELLOW MAGIC ORCHESTRA|Solid State Survivor|1979|日系,电子,合成器流行|合成器旋律、机械节奏和俏皮的声音细节交织，适合从节拍的排列开始听。|jp
Tatsuro Yamashita|FOR YOU|1982|日系,城市流行,灵魂乐|明亮的吉他、精致的和声与流畅律动，把海边般的轻快情绪铺开。|jp
Taeko Onuki|SUNSHOWER|1977|日系,城市流行,爵士|轻柔的人声与爵士感配器自然相遇，贝斯和键盘的细节尤其值得听。|jp
Taeko Onuki|MIGNONNE|1978|日系,城市流行,流行|清透的旋律与丰富的和声形成优雅的层次，听乐器在歌曲中轮流出现。|jp
Ichiko Aoba|0|2013|日系,民谣,独立|几乎贴着耳边的歌声和木吉他构成一个小空间，安静的环境更适合这张唱片。|jp
Ichiko Aoba|Windswept Adan|2020|日系,室内民谣,氛围|弦乐、木管和人声像风景一样展开，适合把整张唱片当作连贯的世界。|jp
Cornelius|Fantasma|1997|日系,实验流行,电子|采样、吉他和突如其来的声响不断改变方向，听立体声里有趣的移动。|jp
Cornelius|Point|2001|日系,实验流行,电子|干净的吉他和精确的声音排列形成轻盈的结构，耳机里能听到更多细节。|jp
toe|For Long Tomorrow|2009|日系,数学摇滚,后摇|鼓与吉他的细密配合不断改变重心，听复杂节奏如何保持流动的情绪。|jp
tricot|T H E|2013|日系,数学摇滚,独立|快速变化的拍子与清楚的人声旋律相互拉扯，乐队的每个声部都有独立线条。|jp
Lamp|For Lovers|2004|日系,室内流行,爵士|细致的和声与柔软配器让旋律缓慢转弯，适合关注和弦的色彩。|jp
Lamp|Yume|2014|日系,室内流行,梦幻流行|怀旧的音色与复杂和声藏在温柔的表面之下，适合完整播放。|jp
Kenshi Yonezu|STRAY SHEEP|2020|日系,流行,电子|鲜明的旋律与变化丰富的编曲交织，听流行结构里的节奏和音色细节。|jp
Kenshi Yonezu|BOOTLEG|2017|日系,流行,另类摇滚|乐队感与电子元素并存，不同歌曲在明亮和阴影之间转换。|jp
King Gnu|CEREMONY|2020|日系,另类摇滚,流行|双主唱与密集的乐队编排形成多层次的声音，适合听强弱和空间的切换。|jp
Vaundy|strobo|2020|日系,流行,独立|在流行、摇滚和R&B之间轻巧转向，短小的歌曲里有鲜明的制作性格。|jp
Yurushika|That's Why I Gave Up on Music|2019|日系,摇滚,流行|清亮的人声与有推进感的吉他编织出连贯的故事，适合从头听到尾。|jp
Sufjan Stevens|Illinois|2005|独立,室内流行,民谣|铜管、弦乐与朴素的人声交错，细小的故事被编织成开阔的声音。|us
Sufjan Stevens|The Age of Adz|2010|独立,实验流行,电子|电子噪声与管弦乐不断叠加，听私密的人声如何穿过巨大的编曲。|us
Bon Iver|Bon Iver, Bon Iver|2011|独立,民谣,艺术流行|柔软的人声被多层乐器包围，歌曲像风景一样慢慢显影。|us
Bon Iver|22, A Million|2016|独立,实验流行,电子|被切割的人声与破碎节拍保留脆弱的情绪，适合听声音的边缘。|us
Fleet Foxes|Fleet Foxes|2008|独立,民谣,室内流行|层层叠加的人声和声与木吉他形成开阔的空间，旋律带着自然的起伏。|us
Fleet Foxes|Shore|2020|独立,民谣,流行|明亮的和声与丰厚的配器让歌曲朝外展开，适合在白天聆听。|us
Beach House|Bloom|2012|独立,梦幻流行|重复的键盘、吉他和低沉人声构成绵长的情绪，歌曲之间有连贯的流动。|us
Beach House|Depression Cherry|2015|独立,梦幻流行,自赏|更少的元素留出更多空间，听吉他和合成器缓慢叠加的纹理。|us
Beach House|7|2018|独立,梦幻流行,自赏|厚实的节奏和模糊的音色带来新的张力，安静与强烈的段落相互呼应。|us
Tame Impala|Lonerism|2012|独立,迷幻摇滚|鼓、合成器和模糊的人声不断漂移，旋律在浓密的声音中保持鲜明。|us
Tame Impala|Innerspeaker|2010|独立,迷幻摇滚|充满空间感的吉他和鼓声连成流动的背景，适合听人声和器乐的距离。|us
Arctic Monkeys|AM|2013|独立,摇滚|简练的鼓点、贝斯和吉他构成夜色般的律动，听和声如何回应主唱。|us
Arctic Monkeys|Tranquility Base Hotel & Casino|2018|独立,艺术摇滚,流行|钢琴与缓慢的律动搭起想象中的空间，适合跟随叙事而非等待大副歌。|us
The Strokes|The New Abnormal|2020|独立,摇滚|吉他线条与合成器让乐队声音舒展开来，听成熟的人声与旋律的互动。|us
Vampire Weekend|Modern Vampires of the City|2013|独立,艺术流行|轻巧旋律下藏着细致的制作变化，听钢琴、鼓点和变形人声的关系。|us
Vampire Weekend|Contra|2010|独立,流行|节奏、吉他与电子细节构成明亮的拼贴，歌曲不断在熟悉和意外之间转弯。|us
The National|Boxer|2007|独立,摇滚|低沉的人声与细密的鼓点相互牵引，情绪在克制的表面下逐步积累。|us
The National|High Violet|2010|独立,摇滚|厚实的乐队编曲托住压低的歌声，听缓慢增长的张力和反复的旋律。|us
Wilco|Yankee Hotel Foxtrot|2002|独立,另类乡村,艺术摇滚|温暖的歌曲结构被噪声与实验细节轻轻打断，适合听旋律之外的空间。|us
Yo La Tengo|I Can Hear the Heart Beating as One|1997|独立,噪音流行,摇滚|从柔软的小曲到浓密的吉他噪声，唱片在不同体量的声音之间自然移动。|us
Alvvays|Antisocialites|2017|独立,梦幻流行|清楚的旋律埋在闪亮的吉他里，轻快的节奏与带有遗憾的语气并置。|us
Alvvays|Blue Rev|2022|独立,自赏,流行|密集失真与清晰旋律同时出现，听短歌里不断变化的和声与音色。|us
Japanese Breakfast|Jubilee|2021|独立,艺术流行|铜管、弦乐与鲜明的节奏共同展开，歌曲里的喜悦也保留复杂的情绪。|us
boygenius|the record|2023|独立,摇滚,民谣|三种人声在独唱与和声之间移动，听不同写作方式如何汇成一张唱片。|us
Adrianne Lenker|songs|2020|独立,民谣|木吉他与贴近的歌声保留环境的声响，适合在安静时听呼吸和指尖的细节。|us
Angel Olsen|All Mirrors|2019|独立,艺术流行|弦乐与宽阔的编曲把人声放进戏剧性的空间，情绪在层层推进中展开。|us
Weyes Blood|And in the Darkness, Hearts Aglow|2022|独立,室内流行|丰厚和声与温暖配器共同流动，适合听缓慢旋律里的和弦变化。|us
FKA twigs|LP1|2014|R&B,电子,艺术流行|细碎的节拍、低频与轻盈人声保持张力，听沉默和声音如何轮流占据空间。|us
FKA twigs|MAGDALENE|2019|艺术流行,R&B,电子|人声、钢琴和电子制作在脆弱与力度之间来回转换，耳机里有更多层次。|us
Björk|Post|1995|艺术流行,电子|不同节奏和配器让每首歌都换一个场景，贯穿其中的是鲜明的人声性格。|us
Björk|Vulnicura|2015|艺术流行,弦乐,电子|弦乐长线条与电子节拍共同承载情绪，适合跟随整张唱片的时间顺序。|us
Portishead|Third|2008|电子,实验摇滚|不安的鼓点与冷峻音色托住歌声，听乐队如何用少量元素制造紧张感。|us
Massive Attack|Blue Lines|1991|电子,Trip-Hop,灵魂乐|说唱、灵魂乐人声和松弛的节奏相互交织，贝斯线是很好的听赏入口。|us
Massive Attack|Protection|1994|电子,Trip-Hop|温暖的人声与低速节拍形成夜晚般的空间，适合听细小的制作变化。|us
Air|Moon Safari|1998|电子,梦幻流行|圆润的合成器与轻盈律动带来漂浮感，听旋律和节奏之间的留白。|us
Boards of Canada|Geogaddi|2002|电子,氛围,实验|褪色般的合成器与错位节拍构成细密纹理，耳机里能听到隐藏的声音。|us
Four Tet|Rounds|2003|电子,民谣电子|采样、敲击与细碎旋律不断重新组合，听电子节拍如何保留有机的温度。|us
Four Tet|There Is Love in You|2010|电子,House|循环采样和柔和节奏逐步生长，适合听重复之中缓慢出现的变化。|us
Floating Points|Crush|2019|电子,实验|精密节拍与宽阔的合成器音色相互碰撞，声音从细小颗粒展开为巨大的空间。|us
Jon Hopkins|Immunity|2013|电子,氛围,Techno|强烈节奏和安静段落形成一段完整旅程，听密度如何在曲目之间变化。|us
Jon Hopkins|Singularity|2018|电子,氛围|音色从粗粝逐渐变得透明，适合从头播放，感受连续的强弱变化。|us
Jamie xx|In Colour|2015|电子,舞曲|采样人声、明亮旋律与低频律动并行，歌曲同时保留俱乐部和私人聆听的空间。|us
The Avalanches|Wildflower|2016|电子,采样,迷幻流行|大量声音碎片被拼成连续的旋律风景，听相邻曲目之间巧妙的衔接。|us
LCD Soundsystem|This Is Happening|2010|电子,舞曲朋克,摇滚|重复的节奏不断增加层次，长曲里的张力来自细节与进入时机。|us
Daft Punk|Homework|1997|电子,House|直接的鼓机节奏与采样反复塑形，适合听低频、滤波与循环的变化。|us
Justice|Cross|2007|电子,舞曲|失真的合成器和强烈节拍构成厚重的声音，旋律在粗粝纹理中格外鲜明。|us
Kendrick Lamar|DAMN.|2017|嘻哈,说唱|紧凑的歌曲结构中不断切换声音和视角，听人声节奏与制作的相互推进。|us
Kendrick Lamar|Mr. Morale & The Big Steppers|2022|嘻哈,说唱|对话、钢琴与变化多端的节拍连成私人叙事，适合按曲序完整聆听。|us
Tyler, The Creator|CALL ME IF YOU GET LOST|2021|嘻哈,说唱,灵魂乐|流动的采样与鲜明的人声让歌曲像一段旅行，留意曲目间的过渡。|us
Little Simz|Sometimes I Might Be Introvert|2021|嘻哈,管弦,灵魂乐|宏大的管弦编排与私密的说唱并置，节奏和叙事共同构成听赏线索。|us
Little Simz|NO THANK YOU|2022|嘻哈,灵魂乐|柔软的采样和坚定的人声保持张力，听背景和声如何托住密集的文字。|us
JID|The Forever Story|2022|嘻哈,说唱|快速变化的押韵与节奏不断碰撞，歌曲也留出旋律与叙事的空间。|us
Denzel Curry|Melt My Eyez See Your Future|2022|嘻哈,爵士说唱|爵士感配器与清晰的说唱线条融合，适合听低频和鼓点的细致摆动。|us
Mac Miller|Swimming|2018|嘻哈,R&B,灵魂乐|松弛的节奏与温暖配器托住内省的人声，整张唱片保持连贯的情绪。|us
Mac Miller|Circles|2020|流行,灵魂乐,独立|朴素的旋律和温柔的器乐留出呼吸感，听语气与配器之间的距离。|us
Anderson .Paak|Malibu|2016|R&B,灵魂乐,放克|鼓、人声与贝斯形成自然的律动，适合听歌曲里的切分和背景和声。|us
SZA|SOS|2022|R&B,流行|不同制作风格串起情绪的变化，鲜明的人声贯穿柔软和直接的段落。|us
Solange|When I Get Home|2019|R&B,艺术流行,灵魂乐|短曲、循环和声与松散节奏构成一整片氛围，适合不跳曲地播放。|us
D'Angelo|Black Messiah|2014|R&B,灵魂乐,放克|密集的律动与多层人声形成厚实纹理，贝斯和鼓之间的摆动值得反复听。|us
Erykah Badu|Baduizm|1997|R&B,灵魂乐,爵士|爵士感和声与松弛节奏围绕独特的歌声展开，适合听人声与鼓点的错落。|us
Erykah Badu|Mama's Gun|2000|R&B,灵魂乐,放克|丰富的乐队配器与细腻的人声构成长线条，听曲目之间情绪自然延伸。|us
Nina Simone|I Put a Spell on You|1965|爵士,灵魂乐,蓝调|钢琴与有力度的人声共同讲述旋律，熟悉的歌曲在她的语气中呈现新色彩。|us
John Coltrane|Blue Train|1957|爵士,硬波普|铜管合奏、独奏与稳健节奏轮流展开，适合听乐手之间的回应。|us
Miles Davis|In a Silent Way|1969|爵士,融合爵士,氛围|电钢琴、吉他和小号在重复中构建空间，听乐器如何缓慢进入和退场。|us
Bill Evans Trio|Waltz for Debby|1961|爵士,钢琴|钢琴、贝斯和鼓的细致对话保留现场空气，听微小的节奏变化。|us
Dave Brubeck Quartet|Time Out|1959|爵士,酷爵士|不同拍子的律动仍然轻盈自然，钢琴与萨克斯提供清楚的旋律入口。|us
Charles Mingus|The Black Saint and the Sinner Lady|1963|爵士,大乐队,实验|复杂编排与强烈情绪一起涌动，听声部交错如何形成戏剧性的起伏。|us
Herbie Hancock|Maiden Voyage|1965|爵士,后波普|宽阔的和弦与流动的节奏构成海面般的空间，适合听乐手间的呼应。|us
Alice Coltrane|Journey in Satchidananda|1971|爵士,灵性爵士|竖琴、贝斯与持续音让音乐缓慢旋转，重复之中有丰富的细微变化。|us
Pharoah Sanders|Karma|1969|爵士,灵性爵士|长篇幅演奏从平静逐渐走向强烈，听人声与萨克斯如何共同推进。|us
Kamasi Washington|The Epic|2015|爵士,灵性爵士|大编制与宽阔旋律提供长时间的沉浸感，适合分段听不同声部的关系。|us
BADBADNOTGOOD|IV|2016|爵士,融合爵士,独立|爵士演奏与当代节奏自然交汇，听乐队在松弛和精密之间切换。|us
Yussef Dayes|Black Classical Music|2023|爵士,融合爵士|细密的鼓点与流动旋律构成听赏核心，节奏既有复杂性也有鲜明的身体感。|us
